Date,hour,temp
2023-01-01,0,53.75
2023-01-01,1,53
2023-01-01,2,52
2023-01-01,3,53
2023-01-01,4,52
2023-01-01,5,51
2023-01-01,6,51
2023-01-01,7,50
2023-01-01,8,50
2023-01-01,9,52
2023-01-01,10,53
2023-01-01,11,52
2023-01-01,12,53
2023-01-01,13,54
2023-01-01,14,53
2023-01-01,15,53
2023-01-01,16,53
2023-01-01,17,51
2023-01-01,18,50
2023-01-01,19,51
2023-01-01,20,51
2023-01-01,21,51
2023-01-01,22,51
2023-01-01,23,50
2023-01-02,0,50
2023-01-02,1,51
2023-01-02,2,50
2023-01-02,3,50
2023-01-02,4,50
2023-01-02,5,50
2023-01-02,6,50
2023-01-02,7,49
2023-01-02,8,50
2023-01-02,9,50
2023-01-02,10,51
2023-01-02,11,53
2023-01-02,12,55
2023-01-02,13,56
2023-01-02,14,56
2023-01-02,15,56
2023-01-02,16,55
2023-01-02,17,55
2023-01-02,18,56
2023-01-02,19,55
2023-01-02,20,54.5
2023-01-02,21,53
2023-01-02,22,52
2023-01-02,23,52
2023-01-03,0,53
2023-01-03,1,52
2023-01-03,2,51
2023-01-03,3,50
2023-01-03,4,50
2023-01-03,5,49
2023-01-03,6,48.5
2023-01-03,7,47
2023-01-03,8,48.333333333333336
2023-01-03,9,50
2023-01-03,10,49.25
2023-01-03,11,48.333333333333336
2023-01-03,12,49.75
2023-01-03,13,51.5
2023-01-03,14,54
2023-01-03,15,55
2023-01-03,16,55.5
2023-01-03,17,56.5
2023-01-03,18,56
2023-01-03,19,56.5
2023-01-03,20,57
2023-01-03,21,54
2023-01-03,22,55
2023-01-03,23,57
2023-01-04,0,57
2023-01-04,1,59
2023-01-04,2,58.5
2023-01-04,3,58.25
2023-01-04,4,58
2023-01-04,5,57
2023-01-04,6,58
2023-01-04,7,56
2023-01-04,8,59
2023-01-04,9,61
2023-01-04,10,62
2023-01-04,11,63
2023-01-04,12,66
2023-01-04,13,65
2023-01-04,14,65
2023-01-04,15,63
2023-01-04,16,60
2023-01-04,17,58
2023-01-04,18,57
2023-01-04,19,56
2023-01-04,20,54
2023-01-04,21,52.666666666666664
2023-01-04,22,50
2023-01-04,23,49
2023-01-05,0,48
2023-01-05,1,48
2023-01-05,2,48
2023-01-05,3,48
2023-01-05,4,49
2023-01-05,5,48.333333333333336
2023-01-05,6,49
2023-01-05,7,48.5
2023-01-05,8,49
2023-01-05,9,48
2023-01-05,10,49
2023-01-05,11,49
2023-01-05,12,48
2023-01-05,13,50
2023-01-05,14,49
2023-01-05,15,48
2023-01-05,16,47
2023-01-05,17,47
2023-01-05,18,47
2023-01-05,19,47
2023-01-05,20,47
2023-01-05,21,46
2023-01-05,22,45
2023-01-05,23,44.75
2023-01-06,0,45
2023-01-06,1,45
2023-01-06,2,44
2023-01-06,3,43.25
2023-01-06,4,43
2023-01-06,5,42
2023-01-06,6,43
2023-01-06,7,44.5
2023-01-06,8,44
2023-01-06,9,44.25
2023-01-06,10,44.5
2023-01-06,11,45
2023-01-06,12,47
2023-01-06,13,48
2023-01-06,14,47
2023-01-06,15,48
2023-01-06,16,46
2023-01-06,17,46
2023-01-06,18,45
2023-01-06,19,43
2023-01-06,20,42
2023-01-06,21,42
2023-01-06,22,40
2023-01-06,23,39
2023-01-07,0,39
2023-01-07,1,38
2023-01-07,2,38
2023-01-07,3,37
2023-01-07,4,37
2023-01-07,5,37
2023-01-07,6,38
2023-01-07,7,38
2023-01-07,8,39
2023-01-07,9,40
2023-01-07,10,42
2023-01-07,11,44
2023-01-07,12,44
2023-01-07,13,44
2023-01-07,14,44
2023-01-07,15,44
2023-01-07,16,43
2023-01-07,17,42
2023-01-07,18,42
2023-01-07,19,41
2023-01-07,20,41
2023-01-07,21,40
2023-01-07,22,40
2023-01-07,23,39
2023-01-08,0,38
2023-01-08,1,37
2023-01-08,2,37
2023-01-08,3,36
2023-01-08,4,35
2023-01-08,5,35
2023-01-08,6,34
2023-01-08,7,33
2023-01-08,8,34
2023-01-08,9,35
2023-01-08,10,36
2023-01-08,11,38
2023-01-08,12,40
2023-01-08,13,40
2023-01-08,14,41
2023-01-08,15,40
2023-01-08,16,39
2023-01-08,17,38
2023-01-08,18,38
2023-01-08,19,38
2023-01-08,20,38
2023-01-08,21,39
2023-01-08,22,38
2023-01-08,23,39
2023-01-09,0,40
2023-01-09,1,40
2023-01-09,2,38
2023-01-09,3,38
2023-01-09,4,37
2023-01-09,5,37
2023-01-09,6,38
2023-01-09,7,38
2023-01-09,8,38
2023-01-09,9,38
2023-01-09,10,41
2023-01-09,11,42
2023-01-09,12,43
2023-01-09,13,44
2023-01-09,14,44
2023-01-09,15,43
2023-01-09,16,41
2023-01-09,17,40
2023-01-09,18,40
2023-01-09,19,40
2023-01-09,20,40
2023-01-09,21,39
2023-01-09,22,39
2023-01-09,23,39
2023-01-10,0,38
2023-01-10,1,39
2023-01-10,2,39
2023-01-10,3,38
2023-01-10,4,39
2023-01-10,5,38
2023-01-10,6,39
2023-01-10,7,38
2023-01-10,8,40
2023-01-10,9,40
2023-01-10,10,40
2023-01-10,11,40
2023-01-10,12,40
2023-01-10,13,41
2023-01-10,14,41
2023-01-10,15,41
2023-01-10,16,41
2023-01-10,17,41
2023-01-10,18,41
2023-01-10,19,40
2023-01-10,20,40
2023-01-10,21,39
2023-01-10,22,39
2023-01-10,23,39
2023-01-11,0,39
2023-01-11,1,39
2023-01-11,2,38
2023-01-11,3,37
2023-01-11,4,37
2023-01-11,5,36
2023-01-11,6,35
2023-01-11,7,35
2023-01-11,8,36
2023-01-11,9,36
2023-01-11,10,37
2023-01-11,11,38
2023-01-11,12,39
2023-01-11,13,39
2023-01-11,14,39
2023-01-11,15,38
2023-01-11,16,38
2023-01-11,17,37
2023-01-11,18,38
2023-01-11,19,37
2023-01-11,20,37
2023-01-11,21,37
2023-01-11,22,38
2023-01-11,23,37
2023-01-12,0,38
2023-01-12,1,38
2023-01-12,2,39
2023-01-12,3,39
2023-01-12,4,40
2023-01-12,5,40
2023-01-12,6,40
2023-01-12,7,40
2023-01-12,8,40.666666666666664
2023-01-12,9,41.5
2023-01-12,10,43
2023-01-12,11,43.75
2023-01-12,12,44.666666666666664
2023-01-12,13,46
2023-01-12,14,47
2023-01-12,15,48
2023-01-12,16,50
2023-01-12,17,53
2023-01-12,18,52
2023-01-12,19,52
2023-01-12,20,53.5
2023-01-12,21,53.333333333333336
2023-01-12,22,54
2023-01-12,23,54
2023-01-13,0,54.5
2023-01-13,1,53.666666666666664
2023-01-13,2,55.666666666666664
2023-01-13,3,56.333333333333336
2023-01-13,4,53
2023-01-13,5,53
2023-01-13,6,53
2023-01-13,7,53
2023-01-13,8,53
2023-01-13,9,54
2023-01-13,10,56
2023-01-13,11,54.5
2023-01-13,12,54
2023-01-13,13,51.666666666666664
2023-01-13,14,47
2023-01-13,15,45
2023-01-13,16,42
2023-01-13,17,40
2023-01-13,18,40
2023-01-13,19,40
2023-01-13,20,39
2023-01-13,21,39
2023-01-13,22,39
2023-01-13,23,38
2023-01-14,0,37
2023-01-14,1,37
2023-01-14,2,36
2023-01-14,3,35
2023-01-14,4,33
2023-01-14,5,34
2023-01-14,6,34
2023-01-14,7,32.333333333333336
2023-01-14,8,33
2023-01-14,9,33
2023-01-14,10,34
2023-01-14,11,34
2023-01-14,12,35
2023-01-14,13,36
2023-01-14,14,36
2023-01-14,15,35
2023-01-14,16,34
2023-01-14,17,33
2023-01-14,18,33
2023-01-14,19,32
2023-01-14,20,32
2023-01-14,21,32
2023-01-14,22,32
2023-01-14,23,31
2023-01-15,0,31
2023-01-15,1,31
2023-01-15,2,31
2023-01-15,3,30.5
2023-01-15,4,30
2023-01-15,5,30
2023-01-15,6,31
2023-01-15,7,30
2023-01-15,8,31
2023-01-15,9,33
2023-01-15,10,35
2023-01-15,11,36
2023-01-15,12,40
2023-01-15,13,40
2023-01-15,14,41
2023-01-15,15,41
2023-01-15,16,39
2023-01-15,17,38
2023-01-15,18,37
2023-01-15,19,36
2023-01-15,20,35
2023-01-15,21,34
2023-01-15,22,33
2023-01-15,23,32
2023-01-16,0,31
2023-01-16,1,30
2023-01-16,2,30
2023-01-16,3,30
2023-01-16,4,30
2023-01-16,5,29
2023-01-16,6,29
2023-01-16,7,29
2023-01-16,8,29
2023-01-16,9,31
2023-01-16,10,34
2023-01-16,11,37
2023-01-16,12,41
2023-01-16,13,44
2023-01-16,14,47
2023-01-16,15,48
2023-01-16,16,46
2023-01-16,17,44
2023-01-16,18,43
2023-01-16,19,42
2023-01-16,20,41
2023-01-16,21,40
2023-01-16,22,38
2023-01-16,23,38
2023-01-17,0,37
2023-01-17,1,37
2023-01-17,2,36
2023-01-17,3,36
2023-01-17,4,36
2023-01-17,5,36
2023-01-17,6,36
2023-01-17,7,37
2023-01-17,8,40
2023-01-17,9,42
2023-01-17,10,43
2023-01-17,11,44
2023-01-17,12,46
2023-01-17,13,46
2023-01-17,14,47
2023-01-17,15,46.5
2023-01-17,16,47
2023-01-17,17,46.5
2023-01-17,18,46.75
2023-01-17,19,46
2023-01-17,20,46
2023-01-17,21,46
2023-01-17,22,45
2023-01-17,23,45
2023-01-18,0,45
2023-01-18,1,44
2023-01-18,2,44
2023-01-18,3,45
2023-01-18,4,44
2023-01-18,5,45
2023-01-18,6,46
2023-01-18,7,47
2023-01-18,8,48
2023-01-18,9,49
2023-01-18,10,50
2023-01-18,11,51
2023-01-18,12,51
2023-01-18,13,52
2023-01-18,14,52
2023-01-18,15,52
2023-01-18,16,50
2023-01-18,17,49
2023-01-18,18,49
2023-01-18,19,49
2023-01-18,20,47
2023-01-18,21,47
2023-01-18,22,46
2023-01-18,23,45
2023-01-19,0,44
2023-01-19,1,43
2023-01-19,2,43
2023-01-19,3,43
2023-01-19,4,42
2023-01-19,5,42
2023-01-19,6,42
2023-01-19,7,43
2023-01-19,8,42
2023-01-19,9,41
2023-01-19,10,40
2023-01-19,11,41
2023-01-19,12,41
2023-01-19,13,41
2023-01-19,14,41
2023-01-19,15,41
2023-01-19,16,40.5
2023-01-19,17,41
2023-01-19,18,41
2023-01-19,19,40.666666666666664
2023-01-19,20,41
2023-01-19,21,41
2023-01-19,22,41
2023-01-19,23,41
2023-01-20,0,41
2023-01-20,1,42.5
2023-01-20,2,41
2023-01-20,3,40
2023-01-20,4,41
2023-01-20,5,41
2023-01-20,6,40.5
2023-01-20,7,42
2023-01-20,8,44
2023-01-20,9,46
2023-01-20,10,47
2023-01-20,11,49
2023-01-20,12,47
2023-01-20,13,46
2023-01-20,14,47
2023-01-20,15,47
2023-01-20,16,47
2023-01-20,17,46
2023-01-20,18,45
2023-01-20,19,44
2023-01-20,20,44
2023-01-20,21,44
2023-01-20,22,43
2023-01-20,23,43
2023-01-21,0,41
2023-01-21,1,40
2023-01-21,2,40
2023-01-21,3,39
2023-01-21,4,38
2023-01-21,5,38
2023-01-21,6,38
2023-01-21,7,38
2023-01-21,8,38
2023-01-21,9,39
2023-01-21,10,40
2023-01-21,11,40
2023-01-21,12,40
2023-01-21,13,40
2023-01-21,14,40
2023-01-21,15,39
2023-01-21,16,38
2023-01-21,17,38
2023-01-21,18,38
2023-01-21,19,38
2023-01-21,20,38
2023-01-21,21,37
2023-01-21,22,37
2023-01-21,23,37
2023-01-22,0,37
2023-01-22,1,37
2023-01-22,2,37
2023-01-22,3,37
2023-01-22,4,36
2023-01-22,5,37
2023-01-22,6,37
2023-01-22,7,38
2023-01-22,8,38
2023-01-22,9,39
2023-01-22,10,40
2023-01-22,11,42
2023-01-22,12,42
2023-01-22,13,41
2023-01-22,14,40
2023-01-22,15,41
2023-01-22,16,40
2023-01-22,17,39
2023-01-22,18,37.666666666666664
2023-01-22,19,37.8
2023-01-22,20,38
2023-01-22,21,38
2023-01-22,22,38
2023-01-22,23,37.75
2023-01-23,0,37.666666666666664
2023-01-23,1,37.666666666666664
2023-01-23,2,38
2023-01-23,3,38
2023-01-23,4,38.666666666666664
2023-01-23,5,38
2023-01-23,6,38
2023-01-23,7,38
2023-01-23,8,39
2023-01-23,9,39
2023-01-23,10,38.333333333333336
2023-01-23,11,37
2023-01-23,12,38
2023-01-23,13,36
2023-01-23,14,36.5
2023-01-23,15,37.5
2023-01-23,16,38
2023-01-23,17,38
2023-01-23,18,37
2023-01-23,19,36
2023-01-23,20,36
2023-01-23,21,36
2023-01-23,22,36
2023-01-23,23,36
2023-01-24,0,35.5
2023-01-24,1,36
2023-01-24,2,36
2023-01-24,3,37
2023-01-24,4,37
2023-01-24,5,37
2023-01-24,6,37
2023-01-24,7,37
2023-01-24,8,37
2023-01-24,9,39
2023-01-24,10,42
2023-01-24,11,44
2023-01-24,12,45
2023-01-24,13,45
2023-01-24,14,45
2023-01-24,15,42
2023-01-24,16,41
2023-01-24,17,41
2023-01-24,18,41
2023-01-24,19,40
2023-01-24,20,40
2023-01-24,21,40
2023-01-24,22,39
2023-01-24,23,39
2023-01-25,0,38
2023-01-25,1,37
2023-01-25,2,37
2023-01-25,3,36
2023-01-25,4,36
2023-01-25,5,36
2023-01-25,6,36
2023-01-25,7,37
2023-01-25,8,37
2023-01-25,9,39
2023-01-25,10,40
2023-01-25,11,40
2023-01-25,12,40
2023-01-25,13,36.5
2023-01-25,14,35.25
2023-01-25,15,37
2023-01-25,16,38.666666666666664
2023-01-25,17,43
2023-01-25,18,44.25
2023-01-25,19,47
2023-01-25,20,49.5
2023-01-25,21,51.75
2023-01-25,22,53.333333333333336
2023-01-25,23,54
2023-01-26,0,55
2023-01-26,1,56
2023-01-26,2,54.666666666666664
2023-01-26,3,52
2023-01-26,4,50.5
2023-01-26,5,48
2023-01-26,6,47
2023-01-26,7,45.5
2023-01-26,8,44
2023-01-26,9,44
2023-01-26,10,44
2023-01-26,11,44
2023-01-26,12,44
2023-01-26,13,44
2023-01-26,14,44
2023-01-26,15,44
2023-01-26,16,43
2023-01-26,17,43
2023-01-26,18,43
2023-01-26,19,42
2023-01-26,20,42
2023-01-26,21,41
2023-01-26,22,41
2023-01-26,23,41
2023-01-27,0,40
2023-01-27,1,38
2023-01-27,2,38
2023-01-27,3,37
2023-01-27,4,36
2023-01-27,5,36
2023-01-27,6,36
2023-01-27,7,37
2023-01-27,8,37
2023-01-27,9,39
2023-01-27,10,39
2023-01-27,11,40
2023-01-27,12,41
2023-01-27,13,41
2023-01-27,14,41
2023-01-27,15,41
2023-01-27,16,41
2023-01-27,17,39
2023-01-27,18,38
2023-01-27,19,38
2023-01-27,20,38
2023-01-27,21,38
2023-01-27,22,37
2023-01-27,23,37
2023-01-28,0,37
2023-01-28,1,38
2023-01-28,2,39
2023-01-28,3,39
2023-01-28,4,39
2023-01-28,5,39
2023-01-28,6,39
2023-01-28,7,38
2023-01-28,8,39
2023-01-28,9,42
2023-01-28,10,45
2023-01-28,11,49
2023-01-28,12,51
2023-01-28,13,51
2023-01-28,14,51
2023-01-28,15,51
2023-01-28,16,50
2023-01-28,17,50
2023-01-28,18,50
2023-01-28,19,50
2023-01-28,20,50
2023-01-28,21,49
2023-01-28,22,50
2023-01-28,23,49
2023-01-29,0,48
2023-01-29,1,47
2023-01-29,2,47
2023-01-29,3,45
2023-01-29,4,44
2023-01-29,5,42
2023-01-29,6,42
2023-01-29,7,45
2023-01-29,8,47
2023-01-29,9,48
2023-01-29,10,50
2023-01-29,11,52
2023-01-29,12,52
2023-01-29,13,53
2023-01-29,14,53
2023-01-29,15,53
2023-01-29,16,52
2023-01-29,17,51
2023-01-29,18,51
2023-01-29,19,50
2023-01-29,20,48
2023-01-29,21,47
2023-01-29,22,47
2023-01-29,23,46
2023-01-30,0,46
2023-01-30,1,45
2023-01-30,2,45
2023-01-30,3,44
2023-01-30,4,44
2023-01-30,5,44
2023-01-30,6,44
2023-01-30,7,44
2023-01-30,8,46
2023-01-30,9,47
2023-01-30,10,50
2023-01-30,11,52
2023-01-30,12,53
2023-01-30,13,52
2023-01-30,14,54
2023-01-30,15,53
2023-01-30,16,52
2023-01-30,17,50
2023-01-30,18,51
2023-01-30,19,50
2023-01-30,20,51
2023-01-30,21,50
2023-01-30,22,49
2023-01-30,23,50
2023-01-31,0,49
2023-01-31,1,48
2023-01-31,2,42.666666666666664
2023-01-31,3,40.333333333333336
2023-01-31,4,38.5
2023-01-31,5,36
2023-01-31,6,35.75
2023-01-31,7,34.5
2023-01-31,8,34
2023-01-31,9,36
2023-01-31,10,36
2023-01-31,11,38
2023-01-31,12,38
2023-01-31,13,39
2023-01-31,14,37
2023-01-31,15,37
2023-01-31,16,37
2023-01-31,17,37
2023-01-31,18,37
2023-01-31,19,36
2023-01-31,20,35
2023-01-31,21,33
2023-01-31,22,32
2023-01-31,23,31
2023-02-01,0,31
2023-02-01,1,30
2023-02-01,2,30
2023-02-01,3,29
2023-02-01,4,27.25
2023-02-01,5,26.833333333333332
2023-02-01,6,27.666666666666668
2023-02-01,7,28
2023-02-01,8,29
2023-02-01,9,29
2023-02-01,10,30
2023-02-01,11,32
2023-02-01,12,36
2023-02-01,13,37
2023-02-01,14,37
2023-02-01,15,37
2023-02-01,16,37
2023-02-01,17,36
2023-02-01,18,34
2023-02-01,19,33
2023-02-01,20,32
2023-02-01,21,31
2023-02-01,22,31
2023-02-01,23,30
2023-02-02,0,30
2023-02-02,1,30
2023-02-02,2,30
2023-02-02,3,30
2023-02-02,4,30
2023-02-02,5,30
2023-02-02,6,29
2023-02-02,7,29
2023-02-02,8,33
2023-02-02,9,34
2023-02-02,10,35
2023-02-02,11,36
2023-02-02,12,38
2023-02-02,13,38
2023-02-02,14,39
2023-02-02,15,39
2023-02-02,16,38
2023-02-02,17,37
2023-02-02,18,37
2023-02-02,19,37
2023-02-02,20,37
2023-02-02,21,36
2023-02-02,22,36
2023-02-02,23,35
2023-02-03,0,35
2023-02-03,1,34
2023-02-03,2,34
2023-02-03,3,34
2023-02-03,4,32
2023-02-03,5,29
2023-02-03,6,27
2023-02-03,7,25
2023-02-03,8,23
2023-02-03,9,22
2023-02-03,10,22
2023-02-03,11,23
2023-02-03,12,23
2023-02-03,13,21
2023-02-03,14,21
2023-02-03,15,20
2023-02-03,16,18
2023-02-03,17,17
2023-02-03,18,15
2023-02-03,19,13
2023-02-03,20,13
2023-02-03,21,12
2023-02-03,22,12
2023-02-03,23,12
2023-02-04,0,11
2023-02-04,1,9
2023-02-04,2,8
2023-02-04,3,6
2023-02-04,4,5
2023-02-04,5,4
2023-02-04,6,4
2023-02-04,7,4
2023-02-04,8,6
2023-02-04,9,8
2023-02-04,10,11
2023-02-04,11,13
2023-02-04,12,16
2023-02-04,13,18
2023-02-04,14,19
2023-02-04,15,21
2023-02-04,16,22
2023-02-04,17,22
2023-02-04,18,24
2023-02-04,19,25
2023-02-04,20,25
2023-02-04,21,25
2023-02-04,22,27
2023-02-04,23,27
2023-02-05,0,28
2023-02-05,1,29
2023-02-05,2,29
2023-02-05,3,30
2023-02-05,4,30
2023-02-05,5,31
2023-02-05,6,31
2023-02-05,7,33
2023-02-05,8,34
2023-02-05,9,35
2023-02-05,10,37
2023-02-05,11,40
2023-02-05,12,45
2023-02-05,13,48
2023-02-05,14,48
2023-02-05,15,49
2023-02-05,16,47
2023-02-05,17,44
2023-02-05,18,45
2023-02-05,19,46
2023-02-05,20,48
2023-02-05,21,46
2023-02-05,22,47
2023-02-05,23,44
2023-02-06,0,47
2023-02-06,1,46
2023-02-06,2,44
2023-02-06,3,44
2023-02-06,4,42
2023-02-06,5,41
2023-02-06,6,42
2023-02-06,7,42
2023-02-06,8,42
2023-02-06,9,45
2023-02-06,10,48
2023-02-06,11,50
2023-02-06,12,52
2023-02-06,13,49
2023-02-06,14,48
2023-02-06,15,46
2023-02-06,16,45
2023-02-06,17,44
2023-02-06,18,43
2023-02-06,19,41
2023-02-06,20,40
2023-02-06,21,37
2023-02-06,22,35
2023-02-06,23,34
2023-02-07,0,33
2023-02-07,1,33
2023-02-07,2,32
2023-02-07,3,31
2023-02-07,4,31
2023-02-07,5,30
2023-02-07,6,30
2023-02-07,7,31
2023-02-07,8,33
2023-02-07,9,34
2023-02-07,10,37
2023-02-07,11,40
2023-02-07,12,39
2023-02-07,13,39
2023-02-07,14,39
2023-02-07,15,40
2023-02-07,16,41
2023-02-07,17,40
2023-02-07,18,41
2023-02-07,19,43
2023-02-07,20,42
2023-02-07,21,41
2023-02-07,22,41
2023-02-07,23,41
2023-02-08,0,42
2023-02-08,1,41
2023-02-08,2,40
2023-02-08,3,40
2023-02-08,4,40
2023-02-08,5,40
2023-02-08,6,39.5
2023-02-08,7,42
2023-02-08,8,44
2023-02-08,9,46
2023-02-08,10,46
2023-02-08,11,48
2023-02-08,12,50
2023-02-08,13,50
2023-02-08,14,52
2023-02-08,15,53
2023-02-08,16,52
2023-02-08,17,51
2023-02-08,18,51
2023-02-08,19,50
2023-02-08,20,49
2023-02-08,21,49
2023-02-08,22,48
2023-02-08,23,48
2023-02-09,0,46
2023-02-09,1,45
2023-02-09,2,44
2023-02-09,3,44
2023-02-09,4,43
2023-02-09,5,44
2023-02-09,6,44
2023-02-09,7,43
2023-02-09,8,44
2023-02-09,9,48
2023-02-09,10,47.5
2023-02-09,11,47
2023-02-09,12,50
2023-02-09,13,51
2023-02-09,14,52
2023-02-09,15,52
2023-02-09,16,51.5
2023-02-09,17,50.25
2023-02-09,18,51
2023-02-09,19,54
2023-02-09,20,55
2023-02-09,21,55
2023-02-09,22,54
2023-02-09,23,53
2023-02-10,0,53
2023-02-10,1,57
2023-02-10,2,58
2023-02-10,3,59
2023-02-10,4,60
2023-02-10,5,60
2023-02-10,6,58
2023-02-10,7,56
2023-02-10,8,56
2023-02-10,9,56
2023-02-10,10,57
2023-02-10,11,57
2023-02-10,12,57
2023-02-10,13,57
2023-02-10,14,57
2023-02-10,15,57
2023-02-10,16,55
2023-02-10,17,52
2023-02-10,18,50
2023-02-10,19,49
2023-02-10,20,49
2023-02-10,21,48
2023-02-10,22,47
2023-02-10,23,45
2023-02-11,0,45
2023-02-11,1,43
2023-02-11,2,41
2023-02-11,3,40
2023-02-11,4,39
2023-02-11,5,38
2023-02-11,6,37
2023-02-11,7,37
2023-02-11,8,37
2023-02-11,9,39
2023-02-11,10,40
2023-02-11,11,42
2023-02-11,12,43
2023-02-11,13,43
2023-02-11,14,45
2023-02-11,15,44
2023-02-11,16,43
2023-02-11,17,42
2023-02-11,18,42
2023-02-11,19,41
2023-02-11,20,40
2023-02-11,21,39
2023-02-11,22,40
2023-02-11,23,39
2023-02-12,0,40
2023-02-12,1,40
2023-02-12,2,40
2023-02-12,3,41
2023-02-12,4,41
2023-02-12,5,40
2023-02-12,6,39
2023-02-12,7,40
2023-02-12,8,42
2023-02-12,9,43
2023-02-12,10,44
2023-02-12,11,45
2023-02-12,12,46
2023-02-12,13,47
2023-02-12,14,47
2023-02-12,15,48
2023-02-12,16,47
2023-02-12,17,45
2023-02-12,18,44
2023-02-12,19,44
2023-02-12,20,43
2023-02-12,21,43
2023-02-12,22,41
2023-02-12,23,41
2023-02-13,0,43
2023-02-13,1,43
2023-02-13,2,43
2023-02-13,3,43
2023-02-13,4,42
2023-02-13,5,42.333333333333336
2023-02-13,6,41.5
2023-02-13,7,41
2023-02-13,8,43
2023-02-13,9,45
2023-02-13,10,47
2023-02-13,11,50
2023-02-13,12,53
2023-02-13,13,55
2023-02-13,14,56
2023-02-13,15,57
2023-02-13,16,56
2023-02-13,17,55
2023-02-13,18,54
2023-02-13,19,52
2023-02-13,20,52
2023-02-13,21,51
2023-02-13,22,49
2023-02-13,23,49
2023-02-14,0,48
2023-02-14,1,47
2023-02-14,2,45
2023-02-14,3,44
2023-02-14,4,44
2023-02-14,5,42
2023-02-14,6,41
2023-02-14,7,41
2023-02-14,8,42
2023-02-14,9,45
2023-02-14,10,47
2023-02-14,11,49
2023-02-14,12,50
2023-02-14,13,52
2023-02-14,14,54
2023-02-14,15,54
2023-02-14,16,53
2023-02-14,17,52
2023-02-14,18,51
2023-02-14,19,51
2023-02-14,20,51
2023-02-14,21,50
2023-02-14,22,49
2023-02-14,23,50
2023-02-15,0,50
2023-02-15,1,50
2023-02-15,2,50
2023-02-15,3,48
2023-02-15,4,48
2023-02-15,5,48
2023-02-15,6,49
2023-02-15,7,49
2023-02-15,8,50
2023-02-15,9,52
2023-02-15,10,55
2023-02-15,11,58
2023-02-15,12,59
2023-02-15,13,63
2023-02-15,14,66
2023-02-15,15,66
2023-02-15,16,66
2023-02-15,17,65
2023-02-15,18,63
2023-02-15,19,62
2023-02-15,20,62
2023-02-15,21,61
2023-02-15,22,61
2023-02-15,23,61
2023-02-16,0,60
2023-02-16,1,60
2023-02-16,2,60
2023-02-16,3,60
2023-02-16,4,59
2023-02-16,5,58
2023-02-16,6,59
2023-02-16,7,61
2023-02-16,8,62
2023-02-16,9,62
2023-02-16,10,65
2023-02-16,11,67
2023-02-16,12,68
2023-02-16,13,69
2023-02-16,14,65
2023-02-16,15,58
2023-02-16,16,56
2023-02-16,17,58
2023-02-16,18,59
2023-02-16,19,59
2023-02-16,20,58
2023-02-16,21,59
2023-02-16,22,58
2023-02-16,23,57
2023-02-17,0,59
2023-02-17,1,58
2023-02-17,2,57
2023-02-17,3,57
2023-02-17,4,58
2023-02-17,5,57.333333333333336
2023-02-17,6,57
2023-02-17,7,57
2023-02-17,8,58
2023-02-17,9,59
2023-02-17,10,59
2023-02-17,11,60
2023-02-17,12,61
2023-02-17,13,51.333333333333336
2023-02-17,14,39
2023-02-17,15,47.666666666666664
2023-02-17,16,43
2023-02-17,17,41
2023-02-17,18,39
2023-02-17,19,36
2023-02-17,20,34
2023-02-17,21,33
2023-02-17,22,33
2023-02-17,23,32
2023-02-18,0,32
2023-02-18,1,32
2023-02-18,2,31
2023-02-18,3,31
2023-02-18,4,30
2023-02-18,5,29
2023-02-18,6,28
2023-02-18,7,27
2023-02-18,8,28
2023-02-18,9,30
2023-02-18,10,33
2023-02-18,11,36
2023-02-18,12,38
2023-02-18,13,39
2023-02-18,14,41
2023-02-18,15,42
2023-02-18,16,42
2023-02-18,17,41
2023-02-18,18,41
2023-02-18,19,41
2023-02-18,20,40
2023-02-18,21,39
2023-02-18,22,40
2023-02-18,23,39
2023-02-19,0,38
2023-02-19,1,38
2023-02-19,2,38
2023-02-19,3,38
2023-02-19,4,39
2023-02-19,5,39
2023-02-19,6,39
2023-02-19,7,39
2023-02-19,8,41
2023-02-19,9,44
2023-02-19,10,45
2023-02-19,11,46
2023-02-19,12,46
2023-02-19,13,48
2023-02-19,14,49
2023-02-19,15,47
2023-02-19,16,46
2023-02-19,17,45
2023-02-19,18,45
2023-02-19,19,46
2023-02-19,20,47
2023-02-19,21,47
2023-02-19,22,48
2023-02-19,23,49
2023-02-20,0,50
2023-02-20,1,48
2023-02-20,2,47
2023-02-20,3,48
2023-02-20,4,47
2023-02-20,5,47
2023-02-20,6,48
2023-02-20,7,48
2023-02-20,8,49
2023-02-20,9,49
2023-02-20,10,49
2023-02-20,11,51
2023-02-20,12,54
2023-02-20,13,59
2023-02-20,14,61
2023-02-20,15,59
2023-02-20,16,59
2023-02-20,17,58
2023-02-20,18,57
2023-02-20,19,57
2023-02-20,20,56
2023-02-20,21,55
2023-02-20,22,53
2023-02-20,23,50
2023-02-21,0,48
2023-02-21,1,47
2023-02-21,2,42
2023-02-21,3,40
2023-02-21,4,38
2023-02-21,5,38
2023-02-21,6,37
2023-02-21,7,38
2023-02-21,8,38
2023-02-21,9,39
2023-02-21,10,40
2023-02-21,11,41
2023-02-21,12,42
2023-02-21,13,43
2023-02-21,14,46
2023-02-21,15,45
2023-02-21,16,44
2023-02-21,17,43
2023-02-21,18,44
2023-02-21,19,45
2023-02-21,20,44
2023-02-21,21,44
2023-02-21,22,44
2023-02-21,23,43
2023-02-22,0,41
2023-02-22,1,41
2023-02-22,2,41
2023-02-22,3,40
2023-02-22,4,39
2023-02-22,5,38
2023-02-22,6,38
2023-02-22,7,39
2023-02-22,8,41
2023-02-22,9,42
2023-02-22,10,42
2023-02-22,11,42
2023-02-22,12,43
2023-02-22,13,42
2023-02-22,14,39
2023-02-22,15,38
2023-02-22,16,37.333333333333336
2023-02-22,17,37
2023-02-22,18,37.5
2023-02-22,19,37
2023-02-22,20,38
2023-02-22,21,39
2023-02-22,22,38
2023-02-22,23,37.5
2023-02-23,0,38
2023-02-23,1,38
2023-02-23,2,38
2023-02-23,3,38
2023-02-23,4,38
2023-02-23,5,38
2023-02-23,6,38
2023-02-23,7,38
2023-02-23,8,38
2023-02-23,9,39
2023-02-23,10,39
2023-02-23,11,39
2023-02-23,12,40
2023-02-23,13,40
2023-02-23,14,39.5
2023-02-23,15,40
2023-02-23,16,41
2023-02-23,17,41
2023-02-23,18,42
2023-02-23,19,41
2023-02-23,20,42
2023-02-23,21,42.5
2023-02-23,22,43
2023-02-23,23,44
2023-02-24,0,43
2023-02-24,1,43
2023-02-24,2,42
2023-02-24,3,42.666666666666664
2023-02-24,4,43
2023-02-24,5,43
2023-02-24,6,43
2023-02-24,7,44
2023-02-24,8,45
2023-02-24,9,43
2023-02-24,10,41
2023-02-24,11,43
2023-02-24,12,41
2023-02-24,13,42
2023-02-24,14,41
2023-02-24,15,39
2023-02-24,16,37
2023-02-24,17,35
2023-02-24,18,34
2023-02-24,19,32
2023-02-24,20,30
2023-02-24,21,28
2023-02-24,22,27
2023-02-24,23,25
2023-02-25,0,24
2023-02-25,1,24
2023-02-25,2,23
2023-02-25,3,23
2023-02-25,4,23
2023-02-25,5,24
2023-02-25,6,24
2023-02-25,7,25
2023-02-25,8,27
2023-02-25,9,27
2023-02-25,10,26
2023-02-25,11,28
2023-02-25,12,28
2023-02-25,13,29
2023-02-25,14,29
2023-02-25,15,30
2023-02-25,16,30
2023-02-25,17,31.5
2023-02-25,18,33
2023-02-25,19,32.5
2023-02-25,20,32
2023-02-25,21,31
2023-02-25,22,32
2023-02-25,23,32
2023-02-26,0,32
2023-02-26,1,31
2023-02-26,2,31
2023-02-26,3,32
2023-02-26,4,31
2023-02-26,5,30
2023-02-26,6,31
2023-02-26,7,31
2023-02-26,8,32
2023-02-26,9,32
2023-02-26,10,33
2023-02-26,11,34.5
2023-02-26,12,37
2023-02-26,13,40
2023-02-26,14,45
2023-02-26,15,50
2023-02-26,16,50
2023-02-26,17,50
2023-02-26,18,50
2023-02-26,19,47
2023-02-26,20,45
2023-02-26,21,42
2023-02-26,22,40
2023-02-26,23,40
2023-02-27,0,39
2023-02-27,1,38
2023-02-27,2,37
2023-02-27,3,36
2023-02-27,4,36
2023-02-27,5,35
2023-02-27,6,34
2023-02-27,7,35
2023-02-27,8,37
2023-02-27,9,38
2023-02-27,10,39
2023-02-27,11,41
2023-02-27,12,43
2023-02-27,13,43
2023-02-27,14,44
2023-02-27,15,42
2023-02-27,16,40
2023-02-27,17,39
2023-02-27,18,38
2023-02-27,19,37
2023-02-27,20,34.8
2023-02-27,21,33.2
2023-02-27,22,33
2023-02-27,23,33.2
2023-02-28,0,33
2023-02-28,1,33
2023-02-28,2,33.25
2023-02-28,3,33
2023-02-28,4,33
2023-02-28,5,33
2023-02-28,6,32
2023-02-28,7,33
2023-02-28,8,33
2023-02-28,9,34
2023-02-28,10,34.5
2023-02-28,11,35.25
2023-02-28,12,36
2023-02-28,13,34
2023-02-28,14,36
2023-02-28,15,36
2023-02-28,16,36
2023-02-28,17,36.5
2023-02-28,18,36.5
2023-02-28,19,36
2023-02-28,20,36
2023-02-28,21,36
2023-02-28,22,37
2023-02-28,23,37
2023-03-01,0,37
2023-03-01,1,37
2023-03-01,2,36
2023-03-01,3,35
2023-03-01,4,36
2023-03-01,5,34
2023-03-01,6,35
2023-03-01,7,36
2023-03-01,8,38
2023-03-01,9,40
2023-03-01,10,41
2023-03-01,11,43
2023-03-01,12,44
2023-03-01,13,42
2023-03-01,14,42
2023-03-01,15,41
2023-03-01,16,41.5
2023-03-01,17,42
2023-03-01,18,42
2023-03-01,19,42.333333333333336
2023-03-01,20,41
2023-03-01,21,41
2023-03-01,22,41
2023-03-01,23,40
2023-03-02,0,40
2023-03-02,1,40
2023-03-02,2,40
2023-03-02,3,40
2023-03-02,4,40
2023-03-02,5,41
2023-03-02,6,41
2023-03-02,7,41
2023-03-02,8,42
2023-03-02,9,42
2023-03-02,10,42.666666666666664
2023-03-02,11,44
2023-03-02,12,48
2023-03-02,13,50.666666666666664
2023-03-02,14,54
2023-03-02,15,54
2023-03-02,16,53
2023-03-02,17,50
2023-03-02,18,49
2023-03-02,19,48
2023-03-02,20,46
2023-03-02,21,44
2023-03-02,22,42
2023-03-02,23,41
2023-03-03,0,40
2023-03-03,1,39
2023-03-03,2,38
2023-03-03,3,38
2023-03-03,4,37
2023-03-03,5,37
2023-03-03,6,37
2023-03-03,7,39
2023-03-03,8,41
2023-03-03,9,42
2023-03-03,10,43
2023-03-03,11,46
2023-03-03,12,46
2023-03-03,13,44
2023-03-03,14,44
2023-03-03,15,43
2023-03-03,16,42
2023-03-03,17,41
2023-03-03,18,41
2023-03-03,19,39.666666666666664
2023-03-03,20,40.5
2023-03-03,21,40
2023-03-03,22,40.5
2023-03-03,23,43
2023-03-04,0,43
2023-03-04,1,43
2023-03-04,2,42.5
2023-03-04,3,41.2
2023-03-04,4,40
2023-03-04,5,40
2023-03-04,6,41
2023-03-04,7,40.333333333333336
2023-03-04,8,39
2023-03-04,9,40.5
2023-03-04,10,41
2023-03-04,11,42
2023-03-04,12,43
2023-03-04,13,42
2023-03-04,14,44
2023-03-04,15,44
2023-03-04,16,43
2023-03-04,17,42.5
2023-03-04,18,42
2023-03-04,19,42
2023-03-04,20,41
2023-03-04,21,40
2023-03-04,22,40.333333333333336
2023-03-04,23,40
2023-03-05,0,39
2023-03-05,1,39
2023-03-05,2,38
2023-03-05,3,38
2023-03-05,4,39
2023-03-05,5,38
2023-03-05,6,39
2023-03-05,7,41
2023-03-05,8,42
2023-03-05,9,44
2023-03-05,10,47
2023-03-05,11,51
2023-03-05,12,52
2023-03-05,13,52
2023-03-05,14,52
2023-03-05,15,50
2023-03-05,16,49
2023-03-05,17,48
2023-03-05,18,48
2023-03-05,19,47
2023-03-05,20,46
2023-03-05,21,45
2023-03-05,22,44
2023-03-05,23,44
2023-03-06,0,43
2023-03-06,1,42
2023-03-06,2,42
2023-03-06,3,40
2023-03-06,4,41
2023-03-06,5,40
2023-03-06,6,40
2023-03-06,7,41
2023-03-06,8,44
2023-03-06,9,47
2023-03-06,10,49
2023-03-06,11,49
2023-03-06,12,50
2023-03-06,13,49
2023-03-06,14,50
2023-03-06,15,51
2023-03-06,16,51
2023-03-06,17,50
2023-03-06,18,49
2023-03-06,19,48
2023-03-06,20,48
2023-03-06,21,47
2023-03-06,22,46
2023-03-06,23,45
2023-03-07,0,44
2023-03-07,1,37.666666666666664
2023-03-07,2,34.142857142857146
2023-03-07,3,33.666666666666664
2023-03-07,4,33
2023-03-07,5,33.5
2023-03-07,6,33.2
2023-03-07,7,35
2023-03-07,8,37
2023-03-07,9,41
2023-03-07,10,42
2023-03-07,11,44
2023-03-07,12,45
2023-03-07,13,45
2023-03-07,14,46
2023-03-07,15,45
2023-03-07,16,42
2023-03-07,17,39
2023-03-07,18,37
2023-03-07,19,37
2023-03-07,20,37
2023-03-07,21,36
2023-03-07,22,35
2023-03-07,23,35
2023-03-08,0,33
2023-03-08,1,33
2023-03-08,2,32
2023-03-08,3,31
2023-03-08,4,31
2023-03-08,5,31
2023-03-08,6,31
2023-03-08,7,32
2023-03-08,8,35
2023-03-08,9,36
2023-03-08,10,40
2023-03-08,11,42
2023-03-08,12,44
2023-03-08,13,47
2023-03-08,14,48
2023-03-08,15,47
2023-03-08,16,46
2023-03-08,17,43
2023-03-08,18,43
2023-03-08,19,41
2023-03-08,20,40
2023-03-08,21,38
2023-03-08,22,37
2023-03-08,23,36
2023-03-09,0,36
2023-03-09,1,34
2023-03-09,2,34
2023-03-09,3,34
2023-03-09,4,34
2023-03-09,5,34
2023-03-09,6,34
2023-03-09,7,35
2023-03-09,8,38
2023-03-09,9,41
2023-03-09,10,45
2023-03-09,11,47
2023-03-09,12,50
2023-03-09,13,51
2023-03-09,14,51
2023-03-09,15,49
2023-03-09,16,47
2023-03-09,17,45
2023-03-09,18,45
2023-03-09,19,43
2023-03-09,20,42
2023-03-09,21,40
2023-03-09,22,39
2023-03-09,23,39
2023-03-10,0,38
2023-03-10,1,37
2023-03-10,2,36
2023-03-10,3,36
2023-03-10,4,35
2023-03-10,5,36
2023-03-10,6,36
2023-03-10,7,37
2023-03-10,8,39
2023-03-10,9,41
2023-03-10,10,42.5
2023-03-10,11,45
2023-03-10,12,45
2023-03-10,13,45
2023-03-10,14,45
2023-03-10,15,45
2023-03-10,16,44
2023-03-10,17,43
2023-03-10,18,43
2023-03-10,19,42
2023-03-10,20,41
2023-03-10,21,41.333333333333336
2023-03-10,22,42
2023-03-10,23,42.166666666666664
2023-03-11,0,41.333333333333336
2023-03-11,1,41
2023-03-11,2,41
2023-03-11,3,40
2023-03-11,4,39.5
2023-03-11,5,38
2023-03-11,6,36
2023-03-11,7,35
2023-03-11,8,35
2023-03-11,9,37
2023-03-11,10,39
2023-03-11,11,40
2023-03-11,12,41
2023-03-11,13,42.5
2023-03-11,14,44
2023-03-11,15,43
2023-03-11,16,43
2023-03-11,17,41
2023-03-11,18,41
2023-03-11,19,41
2023-03-11,20,40
2023-03-11,21,39
2023-03-11,22,38
2023-03-11,23,38
2023-03-12,0,37
2023-03-12,1,36
2023-03-12,2,35
2023-03-12,3,35
2023-03-12,4,35
2023-03-12,5,34
2023-03-12,6,34
2023-03-12,7,35
2023-03-12,8,37
2023-03-12,9,41
2023-03-12,10,45
2023-03-12,11,45
2023-03-12,12,46
2023-03-12,13,47
2023-03-12,14,47
2023-03-12,15,46
2023-03-12,16,42
2023-03-12,17,42
2023-03-12,18,41
2023-03-12,19,41
2023-03-12,20,41
2023-03-12,21,42
2023-03-12,22,42
2023-03-12,23,42
2023-03-13,0,42
2023-03-13,1,40
2023-03-13,2,39.333333333333336
2023-03-13,3,39
2023-03-13,4,39
2023-03-13,5,39
2023-03-13,6,39
2023-03-13,7,40
2023-03-13,8,40.6
2023-03-13,9,42
2023-03-13,10,43
2023-03-13,11,44.5
2023-03-13,12,44
2023-03-13,13,42.75
2023-03-13,14,42
2023-03-13,15,41
2023-03-13,16,41
2023-03-13,17,41
2023-03-13,18,41
2023-03-13,19,42.333333333333336
2023-03-13,20,42
2023-03-13,21,40.666666666666664
2023-03-13,22,39
2023-03-13,23,38
2023-03-14,0,36
2023-03-14,1,36
2023-03-14,2,36
2023-03-14,3,37
2023-03-14,4,37
2023-03-14,5,36
2023-03-14,6,35
2023-03-14,7,35
2023-03-14,8,35.25
2023-03-14,9,35
2023-03-14,10,35
2023-03-14,11,35.333333333333336
2023-03-14,12,35
2023-03-14,13,35.25
2023-03-14,14,34
2023-03-14,15,34
2023-03-14,16,34.5
2023-03-14,17,34
2023-03-14,18,33
2023-03-14,19,34
2023-03-14,20,35
2023-03-14,21,35
2023-03-14,22,35
2023-03-14,23,35
2023-03-15,0,35
2023-03-15,1,35
2023-03-15,2,35
2023-03-15,3,35
2023-03-15,4,35
2023-03-15,5,35
2023-03-15,6,34
2023-03-15,7,34
2023-03-15,8,35
2023-03-15,9,37
2023-03-15,10,39
2023-03-15,11,41
2023-03-15,12,42
2023-03-15,13,43
2023-03-15,14,44
2023-03-15,15,44
2023-03-15,16,44
2023-03-15,17,43
2023-03-15,18,42
2023-03-15,19,39
2023-03-15,20,38
2023-03-15,21,37
2023-03-15,22,37
2023-03-15,23,36
2023-03-16,0,35
2023-03-16,1,36
2023-03-16,2,35
2023-03-16,3,35
2023-03-16,4,35
2023-03-16,5,35
2023-03-16,6,36
2023-03-16,7,37
2023-03-16,8,39
2023-03-16,9,41
2023-03-16,10,45
2023-03-16,11,49
2023-03-16,12,52
2023-03-16,13,54
2023-03-16,14,56
2023-03-16,15,58
2023-03-16,16,58
2023-03-16,17,58
2023-03-16,18,56
2023-03-16,19,56
2023-03-16,20,55
2023-03-16,21,55
2023-03-16,22,54
2023-03-16,23,53
2023-03-17,0,51
2023-03-17,1,51
2023-03-17,2,50
2023-03-17,3,48
2023-03-17,4,48
2023-03-17,5,48
2023-03-17,6,49
2023-03-17,7,49
2023-03-17,8,50
2023-03-17,9,53
2023-03-17,10,57
2023-03-17,11,59
2023-03-17,12,59
2023-03-17,13,55
2023-03-17,14,55
2023-03-17,15,56
2023-03-17,16,59
2023-03-17,17,58
2023-03-17,18,58
2023-03-17,19,57
2023-03-17,20,56
2023-03-17,21,57
2023-03-17,22,57
2023-03-17,23,56
2023-03-18,0,54
2023-03-18,1,53
2023-03-18,2,50.5
2023-03-18,3,46.5
2023-03-18,4,45
2023-03-18,5,44
2023-03-18,6,43
2023-03-18,7,43
2023-03-18,8,44
2023-03-18,9,45
2023-03-18,10,46
2023-03-18,11,48
2023-03-18,12,51
2023-03-18,13,53
2023-03-18,14,52
2023-03-18,15,52
2023-03-18,16,53
2023-03-18,17,50
2023-03-18,18,47
2023-03-18,19,46
2023-03-18,20,45
2023-03-18,21,44
2023-03-18,22,43
2023-03-18,23,41
2023-03-19,0,39
2023-03-19,1,37
2023-03-19,2,35
2023-03-19,3,34
2023-03-19,4,31
2023-03-19,5,30
2023-03-19,6,30
2023-03-19,7,30
2023-03-19,8,30
2023-03-19,9,32
2023-03-19,10,34
2023-03-19,11,36
2023-03-19,12,37
2023-03-19,13,37
2023-03-19,14,37
2023-03-19,15,38
2023-03-19,16,37
2023-03-19,17,37
2023-03-19,18,37
2023-03-19,19,36
2023-03-19,20,36
2023-03-19,21,35
2023-03-19,22,35
2023-03-19,23,35
2023-03-20,0,33
2023-03-20,1,33
2023-03-20,2,33
2023-03-20,3,32
2023-03-20,4,32
2023-03-20,5,31
2023-03-20,6,32
2023-03-20,7,34
2023-03-20,8,37
2023-03-20,9,39
2023-03-20,10,42
2023-03-20,11,45
2023-03-20,12,46
2023-03-20,13,49
2023-03-20,14,51
2023-03-20,15,48
2023-03-20,16,47
2023-03-20,17,46
2023-03-20,18,46
2023-03-20,19,49
2023-03-20,20,48
2023-03-20,21,47
2023-03-20,22,45
2023-03-20,23,44
2023-03-21,0,44
2023-03-21,1,43
2023-03-21,2,42
2023-03-21,3,42
2023-03-21,4,41
2023-03-21,5,41
2023-03-21,6,42
2023-03-21,7,45
2023-03-21,8,48
2023-03-21,9,52
2023-03-21,10,55
2023-03-21,11,58
2023-03-21,12,60
2023-03-21,13,61
2023-03-21,14,63
2023-03-21,15,62
2023-03-21,16,61
2023-03-21,17,60
2023-03-21,18,58
2023-03-21,19,57
2023-03-21,20,57
2023-03-21,21,55
2023-03-21,22,53
2023-03-21,23,52
2023-03-22,0,50
2023-03-22,1,50
2023-03-22,2,49
2023-03-22,3,49
2023-03-22,4,49
2023-03-22,5,48
2023-03-22,6,49
2023-03-22,7,50
2023-03-22,8,52
2023-03-22,9,55
2023-03-22,10,56
2023-03-22,11,59
2023-03-22,12,56
2023-03-22,13,59
2023-03-22,14,61
2023-03-22,15,58
2023-03-22,16,56
2023-03-22,17,53
2023-03-22,18,53
2023-03-22,19,52
2023-03-22,20,52
2023-03-22,21,51
2023-03-22,22,50
2023-03-22,23,50
2023-03-23,0,49
2023-03-23,1,49
2023-03-23,2,48
2023-03-23,3,48
2023-03-23,4,48
2023-03-23,5,49
2023-03-23,6,52
2023-03-23,7,54
2023-03-23,8,53
2023-03-23,9,55
2023-03-23,10,53
2023-03-23,11,52
2023-03-23,12,54
2023-03-23,13,54.333333333333336
2023-03-23,14,56
2023-03-23,15,56.5
2023-03-23,16,59
2023-03-23,17,59.5
2023-03-23,18,59
2023-03-23,19,59
2023-03-23,20,59
2023-03-23,21,59
2023-03-23,22,59
2023-03-23,23,56
2023-03-24,0,54
2023-03-24,1,52
2023-03-24,2,51
2023-03-24,3,50
2023-03-24,4,48
2023-03-24,5,46
2023-03-24,6,44
2023-03-24,7,44
2023-03-24,8,44
2023-03-24,9,44
2023-03-24,10,44
2023-03-24,11,47
2023-03-24,12,48
2023-03-24,13,50
2023-03-24,14,51
2023-03-24,15,53
2023-03-24,16,54
2023-03-24,17,53
2023-03-24,18,51
2023-03-24,19,52
2023-03-24,20,51
2023-03-24,21,50
2023-03-24,22,48
2023-03-24,23,47
2023-03-25,0,46
2023-03-25,1,45
2023-03-25,2,45
2023-03-25,3,44
2023-03-25,4,45
2023-03-25,5,46
2023-03-25,6,45
2023-03-25,7,45
2023-03-25,8,44
2023-03-25,9,45
2023-03-25,10,43
2023-03-25,11,42
2023-03-25,12,43
2023-03-25,13,42
2023-03-25,14,43
2023-03-25,15,43
2023-03-25,16,43
2023-03-25,17,42.333333333333336
2023-03-25,18,42.5
2023-03-25,19,43
2023-03-25,20,43
2023-03-25,21,43
2023-03-25,22,43
2023-03-25,23,44
2023-03-26,0,44
2023-03-26,1,45
